<?xml version="1.0" encoding="UTF-8"?>
<Editor version="1.0">
   <File absPath="C:\Program Files\MATLAB\R2007b\work" lastWrittenTime="1226131878390" name="timestwo.m">
      <CodeFolds version="1.0"/>
   </File>
   <File absPath="C:\Documents and Settings\Admin\My Documents\matlab\Matlab2007b full\rank" lastWrittenTime="1227203955703" name="mrank.m">
      <CodeFolds version="1.0"/>
   </File>
   <File absPath="C:\Documents and Settings\Admin\My Documents\matlab\Matlab2007b full\rank" lastWrittenTime="1227203955843" name="main.m">
      <CodeFolds version="1.0"/>
   </File>
   <File absPath="C:\Program Files\MATLAB\R2007b\work" lastWrittenTime="1227203955859" name="assignment2.m">
      <CodeFolds version="1.0"/>
   </File>
   <File absPath="C:\Program Files\MATLAB\R2007b\work" lastWrittenTime="1227203962781" name="Assignemnt1.m">
      <CodeFolds version="1.0"/>
   </File>
   <File absPath="C:\Program Files\MATLAB\R2007b\work\pf\pf" lastWrittenTime="1228343910703" name="pf.m">
      <CodeFolds version="1.0"/>
   </File>
   <File absPath="C:\Program Files\MATLAB\R2007b\work\pf\pf" lastWrittenTime="1228343911078" name="makemap.m">
      <CodeFolds version="1.0"/>
   </File>
   <File absPath="C:\Documents and Settings\Admin\My Documents\matlab" lastWrittenTime="1228758683171" name="server.m">
      <CodeFolds version="1.0"/>
   </File>
   <File absPath="C:\Documents and Settings\Admin\My Documents\matlab\simulink\tcp" lastWrittenTime="1228782550296" name="tcp.m">
      <CodeFolds version="1.0"/>
   </File>
   <File absPath="C:\Documents and Settings\Admin\My Documents\matlab\simulink\tcp" lastWrittenTime="1228783601015" name="tcp12.m">
      <CodeFolds version="1.0"/>
   </File>
   <File absPath="C:\Program Files\MATLAB\R2007b\toolbox\simulink\simdemos" lastWrittenTime="1228860371703" name="mlplaymovie.m">
      <CodeFolds version="1.0"/>
   </File>
   <File absPath="C:\Documents and Settings\Admin\My Documents\matlab\simulink\tcp" lastWrittenTime="1228956801437" name="tcp3.m">
      <CodeFolds version="1.0"/>
   </File>
   <File absPath="C:\Documents and Settings\Admin\My Documents\matlab" lastWrittenTime="1229028268390" name="Untitled.m">
      <CodeFolds version="1.0"/>
   </File>
   <File absPath="C:\Documents and Settings\Admin\My Documents\matlab\11-dec\models" lastWrittenTime="1229028451000" name="prerun.m">
      <CodeFolds version="1.0"/>
   </File>
   <File absPath="C:\Documents and Settings\Admin\My Documents\matlab\11-dec\models" lastWrittenTime="1229028451015" name="newmain.m">
      <CodeFolds version="1.0"/>
   </File>
   <File absPath="C:\Documents and Settings\Admin\My Documents\matlab\11-dec\SWAT_files" lastWrittenTime="1229129488171" name="newmain.m">
      <CodeFolds version="1.0"/>
   </File>
   <File absPath="C:\Documents and Settings\Admin\My Documents\matlab\11-dec\SWAT_files\12exp" lastWrittenTime="1229129488328" name="newmain.m">
      <CodeFolds version="1.0"/>
   </File>
   <File absPath="C:\Program Files\MATLAB\R2007b\work\New Folder" lastWrittenTime="1229129488343" name="timestwo.m">
      <CodeFolds version="1.0"/>
   </File>
   <File absPath="C:\Documents and Settings\Admin\My Documents\matlab\slam" lastWrittenTime="1229456132968" name="configfile.m">
      <CodeFolds version="1.0"/>
   </File>
   <File absPath="E:\DMS -LAB NOTES\probabilty Robotics\slam" lastWrittenTime="1229471495875" name="configfile.m">
      <CodeFolds version="1.0"/>
   </File>
   <File absPath="D:\HWI_DON.SASI" lastWrittenTime="1229471498125" name="assignment2.m">
      <CodeFolds version="1.0"/>
   </File>
   <File absPath="C:\Documents and Settings\Admin\My Documents\matlab\16-dec\application" lastWrittenTime="1229535210406" name="create_param_mat.m">
      <CodeFolds version="1.0"/>
   </File>
   <File absPath="C:\Documents and Settings\Admin\My Documents\matlab\16-dec\NewFolder1" lastWrittenTime="1229569434406" name="newmain.m">
      <CodeFolds version="1.0"/>
   </File>
   <File absPath="E:\DMS -LAB NOTES\probabilty Robotics\pf\pf" lastWrittenTime="1229891623812" name="pf.m">
      <CodeFolds version="1.0"/>
   </File>
   <File absPath="E:\DMS -LAB NOTES\probabilty Robotics\pf\pf" lastWrittenTime="1229891624703" name="showmap.m">
      <CodeFolds version="1.0"/>
   </File>
</Editor>